local_path,sha256,source_url,final_url,found_on_page,page_title,page_dates,content_type,status,width,height,file_size_bytes,capture_method,captured_utc
C:\Users\ASUS\Documents\Personal Projects\Image Harvester\V11\site_image_harvest\images\03385848d47f1840_848x464.jpg,03385848d47f1840e4e40251509c18edd0c455e422f616bd7c94a2319f9c58bd,https://s64.erome.com/6594/Jq1EKaL1/1Q2SMnVi.jpg,https://s64.erome.com/6594/Jq1EKaL1/1Q2SMnVi.jpg,https://www.erome.com/a/Jq1EKaL1,,,image/jpeg,200,848,464,31821,browser_network_response,2026-05-23T00:17:09.829557+00:00
C:\Users\ASUS\Documents\Personal Projects\Image Harvester\V11\site_image_harvest\images\aeca5211d18b2976_140x30.png,aeca5211d18b2976ba31ebb3aedb6f392db6129d53423e135df26ce6e93b8d32,https://www.erome.com/img/logo-erome-horizontal.png?v=4,https://www.erome.com/img/logo-erome-horizontal.png?v=4,https://www.erome.com/a/Jq1EKaL1,,,image/png,200,140,30,4199,browser_network_response,2026-05-23T00:17:09.836563+00:00
C:\Users\ASUS\Documents\Personal Projects\Image Harvester\V11\site_image_harvest\images\f036dda17b8d7c04_480x848.jpg,f036dda17b8d7c04b5ca837ae3bb54293ca473a94eb8d93d7febf00a0724ee15,https://s64.erome.com/6594/Jq1EKaL1/6PoZOXbe.jpg,https://s64.erome.com/6594/Jq1EKaL1/6PoZOXbe.jpg,https://www.erome.com/a/Jq1EKaL1,,,image/jpeg,200,480,848,36918,browser_network_response,2026-05-23T00:17:09.844563+00:00
C:\Users\ASUS\Documents\Personal Projects\Image Harvester\V11\site_image_harvest\images\5171b8badc521c23_848x464.jpg,5171b8badc521c23c53665b9e5fd7a60c97562c945f3f9473dd72b8ede1535bb,https://s64.erome.com/6594/Jq1EKaL1/bjH7hAfx.jpg,https://s64.erome.com/6594/Jq1EKaL1/bjH7hAfx.jpg,https://www.erome.com/a/Jq1EKaL1,,,image/jpeg,200,848,464,42069,browser_network_response,2026-05-23T00:17:09.851557+00:00
C:\Users\ASUS\Documents\Personal Projects\Image Harvester\V11\site_image_harvest\images\1c682e147ee58ee7_848x464.jpg,1c682e147ee58ee7e8e24fa0e357056e38f375d352a9f03af083399f311af5e0,https://s64.erome.com/6594/Jq1EKaL1/6MIyJ8Wp.jpg,https://s64.erome.com/6594/Jq1EKaL1/6MIyJ8Wp.jpg,https://www.erome.com/a/Jq1EKaL1,,,image/jpeg,200,848,464,30187,browser_network_response,2026-05-23T00:17:09.858563+00:00
C:\Users\ASUS\Documents\Personal Projects\Image Harvester\V11\site_image_harvest\images\9fcbde679698ec60_568x320.jpg,9fcbde679698ec603b4e737d162a90a86ff40580533d30b91e57276971ae1530,https://s64.erome.com/6594/Jq1EKaL1/9wnE2xkB.jpg,https://s64.erome.com/6594/Jq1EKaL1/9wnE2xkB.jpg,https://www.erome.com/a/Jq1EKaL1,,,image/jpeg,200,568,320,15285,browser_network_response,2026-05-23T00:17:09.864552+00:00
C:\Users\ASUS\Documents\Personal Projects\Image Harvester\V11\site_image_harvest\images\1cdb0430814465f6_960x540.jpg,1cdb0430814465f61ba1e55087d27cfed31da1d1fba265cdcf1b7850f914fa3c,https://s64.erome.com/6594/Jq1EKaL1/okyiN9Kx.jpg,https://s64.erome.com/6594/Jq1EKaL1/okyiN9Kx.jpg,https://www.erome.com/a/Jq1EKaL1,,,image/jpeg,200,960,540,34767,browser_network_response,2026-05-23T00:17:09.874565+00:00
C:\Users\ASUS\Documents\Personal Projects\Image Harvester\V11\site_image_harvest\images\2d356186a0295c2e_576x320.jpg,2d356186a0295c2e1b79e9d5048817af8a2dcbe28b064885d0d9dfc081ef16c0,https://s64.erome.com/6594/Jq1EKaL1/UoQcevMT.jpg,https://s64.erome.com/6594/Jq1EKaL1/UoQcevMT.jpg,https://www.erome.com/a/Jq1EKaL1,,,image/jpeg,200,576,320,15597,browser_network_response,2026-05-23T00:17:09.882587+00:00
C:\Users\ASUS\Documents\Personal Projects\Image Harvester\V11\site_image_harvest\images\39f2008ab5587abe_464x848.jpg,39f2008ab5587abee5c8e528496a4683b49d38402e2c29f3ce09cdf3a443d498,https://s64.erome.com/6594/Jq1EKaL1/DdUTgp5V.jpg,https://s64.erome.com/6594/Jq1EKaL1/DdUTgp5V.jpg,https://www.erome.com/a/Jq1EKaL1,,,image/jpeg,200,464,848,31065,browser_network_response,2026-05-23T00:17:09.904128+00:00
C:\Users\ASUS\Documents\Personal Projects\Image Harvester\V11\site_image_harvest\images\0680ea024efd70cf_848x464.jpg,0680ea024efd70cf9aaa4f5e51f4e7a8fa617f71a663a5dd2b920c680629266f,https://s64.erome.com/6594/Jq1EKaL1/HzkphuGD.jpg,https://s64.erome.com/6594/Jq1EKaL1/HzkphuGD.jpg,https://www.erome.com/a/Jq1EKaL1,,,image/jpeg,200,848,464,31546,browser_network_response,2026-05-23T00:17:09.915124+00:00
C:\Users\ASUS\Documents\Personal Projects\Image Harvester\V11\site_image_harvest\images\6ac63caaaa942957_848x464.jpg,6ac63caaaa942957cf5319dc10297aa682e8e3eb26e9314a980da1be7aa3fbf5,https://s64.erome.com/6594/Jq1EKaL1/ZRoNM2nb.jpg,https://s64.erome.com/6594/Jq1EKaL1/ZRoNM2nb.jpg,https://www.erome.com/a/Jq1EKaL1,,,image/jpeg,200,848,464,37425,browser_network_response,2026-05-23T00:17:09.927125+00:00
C:\Users\ASUS\Documents\Personal Projects\Image Harvester\V11\site_image_harvest\images\88d56c4083425333_464x848.jpg,88d56c40834253334c96f55ed972c66e800cae4f4a829bb928123c7581f0e1ed,https://s64.erome.com/6594/Jq1EKaL1/1ggTonhy.jpg,https://s64.erome.com/6594/Jq1EKaL1/1ggTonhy.jpg,https://www.erome.com/a/Jq1EKaL1,,,image/jpeg,200,464,848,44268,browser_network_response,2026-05-23T00:17:09.936121+00:00
C:\Users\ASUS\Documents\Personal Projects\Image Harvester\V11\site_image_harvest\images\f8290b60f7ba148d_848x464.jpg,f8290b60f7ba148d5b6b50508d88330387bbf737553ead5e24442f869d343db9,https://s64.erome.com/6594/Jq1EKaL1/njNjUm9t.jpg,https://s64.erome.com/6594/Jq1EKaL1/njNjUm9t.jpg,https://www.erome.com/a/Jq1EKaL1,,,image/jpeg,200,848,464,30505,browser_network_response,2026-05-23T00:17:09.944122+00:00
C:\Users\ASUS\Documents\Personal Projects\Image Harvester\V11\site_image_harvest\images\ad345af14df5c457_848x464.jpg,ad345af14df5c45790acff1f57d43c1292a877ad35aa3447e1ec37502e1c2b8b,https://s64.erome.com/6594/Jq1EKaL1/0wUOmdIn.jpg,https://s64.erome.com/6594/Jq1EKaL1/0wUOmdIn.jpg,https://www.erome.com/a/Jq1EKaL1,,,image/jpeg,200,848,464,31032,browser_network_response,2026-05-23T00:17:09.952122+00:00
C:\Users\ASUS\Documents\Personal Projects\Image Harvester\V11\site_image_harvest\images\3794ec5c86ef2605_960x540.jpg,3794ec5c86ef2605de2ea3836c0bd5d1aee5243e7c07ad4256bf22b65a2d0577,https://s64.erome.com/6594/Jq1EKaL1/IQ716PsU.jpg,https://s64.erome.com/6594/Jq1EKaL1/IQ716PsU.jpg,https://www.erome.com/a/Jq1EKaL1,,,image/jpeg,200,960,540,26948,browser_network_response,2026-05-23T00:17:09.964123+00:00
C:\Users\ASUS\Documents\Personal Projects\Image Harvester\V11\site_image_harvest\images\d6fc9e8768f8a2e2_288x544.jpg,d6fc9e8768f8a2e2a35c86287a7282938d59dde9da33bde69a64255a1bb5db5f,https://s64.erome.com/6594/Jq1EKaL1/AJlWfZHh.jpg,https://s64.erome.com/6594/Jq1EKaL1/AJlWfZHh.jpg,https://www.erome.com/a/Jq1EKaL1,,,image/jpeg,200,288,544,14947,browser_network_response,2026-05-23T00:17:09.973116+00:00
C:\Users\ASUS\Documents\Personal Projects\Image Harvester\V11\site_image_harvest\images\0bc8aca6c7f20f35_848x464.jpg,0bc8aca6c7f20f35317740814caa79462ecb115c6129c916407bc829c05a705d,https://s64.erome.com/6594/Jq1EKaL1/lG1bn7np.jpg,https://s64.erome.com/6594/Jq1EKaL1/lG1bn7np.jpg,https://www.erome.com/a/Jq1EKaL1,,,image/jpeg,200,848,464,30480,browser_network_response,2026-05-23T00:17:09.982135+00:00
C:\Users\ASUS\Documents\Personal Projects\Image Harvester\V11\site_image_harvest\images\10d3c21aea51852a_960x540.jpg,10d3c21aea51852a616d78a8435149580c2267fe75b454ff6b17c4671ad2aa35,https://s64.erome.com/6594/Jq1EKaL1/TV03Lo00.jpg,https://s64.erome.com/6594/Jq1EKaL1/TV03Lo00.jpg,https://www.erome.com/a/Jq1EKaL1,,,image/jpeg,200,960,540,33765,browser_network_response,2026-05-23T00:17:09.992139+00:00
C:\Users\ASUS\Documents\Personal Projects\Image Harvester\V11\site_image_harvest\images\02f1384956351ab2_848x464.jpg,02f1384956351ab2af8c6b6d5a262abafa859042a6e6210b337daf5698e3f6d1,https://s64.erome.com/6594/Jq1EKaL1/L51LTyyy.jpg,https://s64.erome.com/6594/Jq1EKaL1/L51LTyyy.jpg,https://www.erome.com/a/Jq1EKaL1,,,image/jpeg,200,848,464,25498,browser_network_response,2026-05-23T00:17:10.000671+00:00
C:\Users\ASUS\Documents\Personal Projects\Image Harvester\V11\site_image_harvest\images\db5c8d91eb8bb34d_848x464.jpg,db5c8d91eb8bb34d409ac6c62dbb0794e1024d7f470e1e08cffe678959b44666,https://s64.erome.com/6594/Jq1EKaL1/cauJoUbt.jpg,https://s64.erome.com/6594/Jq1EKaL1/cauJoUbt.jpg,https://www.erome.com/a/Jq1EKaL1,,,image/jpeg,200,848,464,29565,browser_network_response,2026-05-23T00:17:10.008677+00:00
C:\Users\ASUS\Documents\Personal Projects\Image Harvester\V11\site_image_harvest\images\0995d3912cae494b_848x464.jpg,0995d3912cae494b26b6adffa1a707d59b03657e900f4b75711cc235a4e263ed,https://s64.erome.com/6594/Jq1EKaL1/mwI1TtgJ.jpg,https://s64.erome.com/6594/Jq1EKaL1/mwI1TtgJ.jpg,https://www.erome.com/a/Jq1EKaL1,,,image/jpeg,200,848,464,35253,browser_network_response,2026-05-23T00:17:10.017675+00:00
C:\Users\ASUS\Documents\Personal Projects\Image Harvester\V11\site_image_harvest\images\310dde851c064a3c_250x250.jpg,310dde851c064a3cbab10b9866428484bfe1c50eaae57b12e2ecdb830b76b426,https://s99.erome.com/6479/MBmBAaN8/thumbs/LgTbfbUW.jpg?v=1762630022,https://s99.erome.com/6479/MBmBAaN8/thumbs/LgTbfbUW.jpg?v=1762630022,https://www.erome.com/a/Jq1EKaL1,,,image/jpeg,200,250,250,10994,browser_network_response,2026-05-23T00:17:10.022671+00:00
C:\Users\ASUS\Documents\Personal Projects\Image Harvester\V11\site_image_harvest\images\37643ba1a7485deb_250x250.jpeg,37643ba1a7485debafbdde19e1472a141e55c5ce2e16035615aabb4df1f64fe8,https://s2.erome.com/4317/wYk30IDJ/thumbs/kGcsDsKH.jpeg?v=1772777142,https://s2.erome.com/4317/wYk30IDJ/thumbs/kGcsDsKH.jpeg?v=1772777142,https://www.erome.com/a/Jq1EKaL1,,,binary/octet-stream,200,250,250,13734,browser_network_response,2026-05-23T00:17:17.938247+00:00
C:\Users\ASUS\Documents\Personal Projects\Image Harvester\V11\site_image_harvest\images\263a1910fcaba994_250x250.jpg,263a1910fcaba994c87375167f734374b9c2475943ed68290e7fad4698effff1,https://s72.erome.com/4119/gbiTQVv5/thumbs/fIjuuY2f.jpg?v=1738818169,https://s72.erome.com/4119/gbiTQVv5/thumbs/fIjuuY2f.jpg?v=1738818169,https://www.erome.com/a/Jq1EKaL1,,,image/jpeg,200,250,250,10219,browser_network_response,2026-05-23T00:17:17.943235+00:00
C:\Users\ASUS\Documents\Personal Projects\Image Harvester\V11\site_image_harvest\images\dd747b3dd5c0b7ca_250x250.jpg,dd747b3dd5c0b7caf2af75b8490bb648fa6dcc6e269eb35cc31cbfe73e8f44e8,https://s57.erome.com/4083/TFEqHuEE/thumbs/GBZF7Qpn.jpg?v=1738409095,https://s57.erome.com/4083/TFEqHuEE/thumbs/GBZF7Qpn.jpg?v=1738409095,https://www.erome.com/a/Jq1EKaL1,,,image/jpeg,200,250,250,5288,browser_network_response,2026-05-23T00:17:17.948232+00:00
C:\Users\ASUS\Documents\Personal Projects\Image Harvester\V11\site_image_harvest\images\0afa693df641098b_250x250.jpg,0afa693df641098b900d48da5115e227ee93c6cfd935330c9254d0c569be3e3f,https://s105.erome.com/4071/518P33p1/thumbs/9ATlcRtr.jpg?v=1738269976,https://s105.erome.com/4071/518P33p1/thumbs/9ATlcRtr.jpg?v=1738269976,https://www.erome.com/a/Jq1EKaL1,,,image/jpeg,200,250,250,11722,browser_network_response,2026-05-23T00:17:17.953235+00:00
C:\Users\ASUS\Documents\Personal Projects\Image Harvester\V11\site_image_harvest\images\18ba352360b6a0d9_250x250.jpeg,18ba352360b6a0d94d85668bca9ac92e680282e7ae00733d2ad1b331bb8edfd3,https://s18.erome.com/4061/pvtY1sh9/thumbs/Dq3Lbdxn.jpeg?v=1774331468,https://s18.erome.com/4061/pvtY1sh9/thumbs/Dq3Lbdxn.jpeg?v=1774331468,https://www.erome.com/a/Jq1EKaL1,,,binary/octet-stream,200,250,250,11328,browser_network_response,2026-05-23T00:17:17.956242+00:00
C:\Users\ASUS\Documents\Personal Projects\Image Harvester\V11\site_image_harvest\images\8e703441f9e3221a_250x250.jpeg,8e703441f9e3221a7cb51df2f2719b4c3e4ecd62494d4aea5263cb20bb86f8cc,https://s95.erome.com/4061/OJT7tyai/thumbs/hXCUaXwq.jpeg?v=1774337622,https://s95.erome.com/4061/OJT7tyai/thumbs/hXCUaXwq.jpeg?v=1774337622,https://www.erome.com/a/Jq1EKaL1,,,image/jpeg,200,250,250,11573,browser_network_response,2026-05-23T00:17:17.960231+00:00
C:\Users\ASUS\Documents\Personal Projects\Image Harvester\V11\site_image_harvest\images\ace6951f9ba67676_250x250.jpg,ace6951f9ba676763025d05bdf9abbc0ce4fa51fa9c4ecb982fb35543a20604c,https://s91.erome.com/4059/WA7sVzC2/thumbs/nosnYNCS.jpg?v=1738142791,https://s91.erome.com/4059/WA7sVzC2/thumbs/nosnYNCS.jpg?v=1738142791,https://www.erome.com/a/Jq1EKaL1,,,image/jpeg,200,250,250,12281,browser_network_response,2026-05-23T00:17:17.964234+00:00
C:\Users\ASUS\Documents\Personal Projects\Image Harvester\V11\site_image_harvest\images\2b6daca9fd4e5d4c_250x250.jpg,2b6daca9fd4e5d4c1adb01f9db6b887f25b4e7b6f8622abd56c303d5ffa5d255,https://s51.erome.com/4059/TDXmZRbv/thumbs/fGOXaJJu.jpg?v=1738143181,https://s51.erome.com/4059/TDXmZRbv/thumbs/fGOXaJJu.jpg?v=1738143181,https://www.erome.com/a/Jq1EKaL1,,,image/jpeg,200,250,250,11610,browser_network_response,2026-05-23T00:17:17.968234+00:00
C:\Users\ASUS\Documents\Personal Projects\Image Harvester\V11\site_image_harvest\images\e3354f8fb46a438e_250x250.jpg,e3354f8fb46a438e30d98c48601870606ad344ec37400e358c08b04ab76602e9,https://s57.erome.com/4059/PUMPzu9A/thumbs/nIJ7URSD.jpg?v=1738141167,https://s57.erome.com/4059/PUMPzu9A/thumbs/nIJ7URSD.jpg?v=1738141167,https://www.erome.com/a/Jq1EKaL1,,,image/jpeg,200,250,250,6224,browser_network_response,2026-05-23T00:17:17.972241+00:00
C:\Users\ASUS\Documents\Personal Projects\Image Harvester\V11\site_image_harvest\images\168fb6ec4b103cee_250x250.jpg,168fb6ec4b103ceea3e3cdd0eef2945d46df085e12050050ab688fe0638fcf5a,https://s72.erome.com/4059/PE5UloRQ/thumbs/gXr9CkEo.jpg?v=1738141067,https://s72.erome.com/4059/PE5UloRQ/thumbs/gXr9CkEo.jpg?v=1738141067,https://www.erome.com/a/Jq1EKaL1,,,image/jpeg,200,250,250,7094,browser_network_response,2026-05-23T00:17:17.977234+00:00
C:\Users\ASUS\Documents\Personal Projects\Image Harvester\V11\site_image_harvest\images\d26e0be89df3a2fc_250x250.jpeg,d26e0be89df3a2fc23f403d038a47002ab6e2e942fb052324b7e13244ab295e8,https://s88.erome.com/4059/ATSeIqe7/thumbs/ApBa9vVp.jpeg?v=1774339136,https://s88.erome.com/4059/ATSeIqe7/thumbs/ApBa9vVp.jpeg?v=1774339136,https://www.erome.com/a/Jq1EKaL1,,,image/jpeg,200,250,250,14198,browser_network_response,2026-05-23T00:17:17.982231+00:00
C:\Users\ASUS\Documents\Personal Projects\Image Harvester\V11\site_image_harvest\images\85f9d99fbdf67a33_250x250.jpg,85f9d99fbdf67a337488f43f2672c8c0545a36a08f3636e14e522dc338945c5b,https://s72.erome.com/4059/PE5UloRQ/thumbs/e0AOZFOU.jpg,https://s72.erome.com/4059/PE5UloRQ/thumbs/e0AOZFOU.jpg,https://www.erome.com/a/Jq1EKaL1,,,image/jpeg,200,250,250,8207,browser_network_response,2026-05-23T00:21:19.193040+00:00
C:\Users\ASUS\Documents\Personal Projects\Image Harvester\V11\site_image_harvest\images\0092db1f4f519135_250x250.jpg,0092db1f4f51913597a24e67909ae0b2cacef408186bd5245fde93d899470b8d,https://s95.erome.com/4061/OJT7tyai/thumbs/IYimP8tg.jpg,https://s95.erome.com/4061/OJT7tyai/thumbs/IYimP8tg.jpg,https://www.erome.com/a/Jq1EKaL1,,,image/jpeg,200,250,250,7496,browser_network_response,2026-05-23T00:21:19.388616+00:00
C:\Users\ASUS\Documents\Personal Projects\Image Harvester\V11\site_image_harvest\images\c991374aad2941af_250x250.jpg,c991374aad2941afeff75144de4f4d132485a9d8a3aa2afd3bb3673ccdc0ffe5,https://s95.erome.com/4061/OJT7tyai/thumbs/3oZg3dfT.jpg,https://s95.erome.com/4061/OJT7tyai/thumbs/3oZg3dfT.jpg,https://www.erome.com/a/Jq1EKaL1,,,image/jpeg,200,250,250,8736,browser_network_response,2026-05-23T00:21:19.394157+00:00
C:\Users\ASUS\Documents\Personal Projects\Image Harvester\V11\site_image_harvest\images\7db4d492a384f5a7_250x250.jpg,7db4d492a384f5a7a01feb1403e633f7637ad64589ac592345fa21ce906f7151,https://s95.erome.com/4061/OJT7tyai/thumbs/pxQ8fZGr.jpg,https://s95.erome.com/4061/OJT7tyai/thumbs/pxQ8fZGr.jpg,https://www.erome.com/a/Jq1EKaL1,,,image/jpeg,200,250,250,6185,browser_network_response,2026-05-23T00:21:19.399153+00:00
C:\Users\ASUS\Documents\Personal Projects\Image Harvester\V11\site_image_harvest\images\3798b2645dab6bfc_250x250.jpg,3798b2645dab6bfc1b1e9bfb73b49776a98ea3ac37c2ed04789f031caa637063,https://s95.erome.com/4061/OJT7tyai/thumbs/FUZXrWsF.jpg,https://s95.erome.com/4061/OJT7tyai/thumbs/FUZXrWsF.jpg,https://www.erome.com/a/Jq1EKaL1,,,image/jpeg,200,250,250,8936,browser_network_response,2026-05-23T00:21:19.404163+00:00
C:\Users\ASUS\Documents\Personal Projects\Image Harvester\V11\site_image_harvest\images\47c08556f0fff1d8_250x250.jpg,47c08556f0fff1d81c2076c199434509820d20791f0e283edee8eb8389cea442,https://s95.erome.com/4061/OJT7tyai/thumbs/SVreoo28.jpg,https://s95.erome.com/4061/OJT7tyai/thumbs/SVreoo28.jpg,https://www.erome.com/a/Jq1EKaL1,,,image/jpeg,200,250,250,8328,browser_network_response,2026-05-23T00:21:19.409150+00:00
C:\Users\ASUS\Documents\Personal Projects\Image Harvester\V11\site_image_harvest\images\21420f5790fb4f1c_250x250.jpg,21420f5790fb4f1c0431850cb5f6639f4d9c2e0404b28f9b6669379c66f52fb9,https://s95.erome.com/4061/OJT7tyai/thumbs/UbPy9GJY.jpg,https://s95.erome.com/4061/OJT7tyai/thumbs/UbPy9GJY.jpg,https://www.erome.com/a/Jq1EKaL1,,,image/jpeg,200,250,250,8379,browser_network_response,2026-05-23T00:21:19.414157+00:00
C:\Users\ASUS\Documents\Personal Projects\Image Harvester\V11\site_image_harvest\images\cf600581bf564bf2_250x250.jpg,cf600581bf564bf264ddcf63ab03cc8b712a5f2faf2b075451db4b444590fa00,https://s95.erome.com/4061/OJT7tyai/thumbs/aH0ZrjPr.jpg,https://s95.erome.com/4061/OJT7tyai/thumbs/aH0ZrjPr.jpg,https://www.erome.com/a/Jq1EKaL1,,,image/jpeg,200,250,250,6040,browser_network_response,2026-05-23T00:21:19.418150+00:00
C:\Users\ASUS\Documents\Personal Projects\Image Harvester\V11\site_image_harvest\images\7bb02b68af367dc2_250x250.jpg,7bb02b68af367dc2483e884b8b04021da52cd6c4e4ee26df7d555232058a18c8,https://s95.erome.com/4061/OJT7tyai/thumbs/MqI6geCx.jpg,https://s95.erome.com/4061/OJT7tyai/thumbs/MqI6geCx.jpg,https://www.erome.com/a/Jq1EKaL1,,,image/jpeg,200,250,250,6108,browser_network_response,2026-05-23T00:21:19.422148+00:00
C:\Users\ASUS\Documents\Personal Projects\Image Harvester\V11\site_image_harvest\images\0e60eceff395ff50_250x250.jpg,0e60eceff395ff507d8c5a92f2c98af097da28741fc8e50ba9c78a4bb8284662,https://s95.erome.com/4061/OJT7tyai/thumbs/oieNzwsx.jpg,https://s95.erome.com/4061/OJT7tyai/thumbs/oieNzwsx.jpg,https://www.erome.com/a/Jq1EKaL1,,,image/jpeg,200,250,250,7317,browser_network_response,2026-05-23T00:21:19.427156+00:00
C:\Users\ASUS\Documents\Personal Projects\Image Harvester\V11\site_image_harvest\images\c4571c1eea8ed988_250x250.jpg,c4571c1eea8ed98844b533b7741ac84e8c980018273ae84dd567b572c572275b,https://s91.erome.com/4059/WA7sVzC2/thumbs/8691a098.jpg,https://s91.erome.com/4059/WA7sVzC2/thumbs/8691a098.jpg,https://www.erome.com/a/Jq1EKaL1,,,image/jpeg,200,250,250,12167,browser_network_response,2026-05-23T00:21:19.432156+00:00
C:\Users\ASUS\Documents\Personal Projects\Image Harvester\V11\site_image_harvest\images\df77be904ba12b4f_250x250.jpeg,df77be904ba12b4fc6f3ca26c9eb600d147d266f7978d5eda89e5f8d24581d7a,https://s57.erome.com/4059/PUMPzu9A/thumbs/WCJmOhRB.jpeg?v=1774332518,https://s57.erome.com/4059/PUMPzu9A/thumbs/WCJmOhRB.jpeg?v=1774332518,https://www.erome.com/a/Jq1EKaL1,,,image/jpeg,200,250,250,9775,browser_network_response,2026-05-23T00:21:19.722558+00:00
C:\Users\ASUS\Documents\Personal Projects\Image Harvester\V11\site_image_harvest\images\52f133f094af6def_250x250.jpeg,52f133f094af6def11aa7d7c182922cd170d90258e8b355c84e79e37417794f5,https://s57.erome.com/4059/PUMPzu9A/thumbs/YRltFhn2.jpeg?v=1774320654,https://s57.erome.com/4059/PUMPzu9A/thumbs/YRltFhn2.jpeg?v=1774320654,https://www.erome.com/a/Jq1EKaL1,,,image/jpeg,200,250,250,13389,browser_network_response,2026-05-23T00:21:20.021499+00:00
C:\Users\ASUS\Documents\Personal Projects\Image Harvester\V11\site_image_harvest\images\912bf688e6a9ade7_32x32.png,912bf688e6a9ade7ae0f36ef809afa6f489e018d8a7c815e1efc8412f51bb37a,https://www.erome.com/favicon-32x32.png,https://www.erome.com/favicon-32x32.png,https://www.erome.com/a/Jq1EKaL1,Re-Upload: Normal_prgram_pinay_masturbate - Porn - EroMe,,image/png,200,32,32,1134,page_context_fetch_credentials,2026-05-23T00:35:03.465319+00:00
C:\Users\ASUS\Documents\Personal Projects\Image Harvester\V11\site_image_harvest\images\624f84ef97a55ac2_180x180.png,624f84ef97a55ac23f276ea0580f2a758ecc0c8ebffdb127d3d51b3d6180ff7e,https://www.erome.com/apple-touch-icon.png,https://www.erome.com/apple-touch-icon.png,https://www.erome.com/a/Jq1EKaL1,Re-Upload: Normal_prgram_pinay_masturbate - Porn - EroMe,,image/png,200,180,180,3009,page_context_fetch_credentials,2026-05-23T00:35:04.475099+00:00
C:\Users\ASUS\Documents\Personal Projects\Image Harvester\V11\site_image_harvest\images\25b79baf05fb7227_210x45.png,25b79baf05fb722739dd5e7fd8019ba7ba17dd5ddf2c78afca8bb5cd0a00f617,https://www.erome.com/img/logo-erome-horizontal-1.5x.png?v=4,https://www.erome.com/img/logo-erome-horizontal-1.5x.png?v=4,https://www.erome.com/a/Jq1EKaL1,Re-Upload: Normal_prgram_pinay_masturbate - Porn - EroMe,,image/png,200,210,45,5395,page_context_fetch_credentials,2026-05-23T00:35:04.715067+00:00
C:\Users\ASUS\Documents\Personal Projects\Image Harvester\V11\site_image_harvest\images\d922917901d53ea0_16x16.png,d922917901d53ea0518cee09271ba45935cfb555c485ab8995f006451344622a,https://www.erome.com/favicon-16x16.png,https://www.erome.com/favicon-16x16.png,https://www.erome.com/a/Jq1EKaL1,Re-Upload: Normal_prgram_pinay_masturbate - Porn - EroMe,,image/png,200,16,16,765,page_context_fetch_credentials,2026-05-23T00:35:05.245326+00:00
C:\Users\ASUS\Documents\Personal Projects\Image Harvester\V11\site_image_harvest\images\fc7ddb9a1f27b556_192x192.png,fc7ddb9a1f27b556e0f64b7e23e5dfa20a78c47a3d30270e1b0457d64bd37591,https://www.erome.com/android-chrome-192x192.png,https://www.erome.com/android-chrome-192x192.png,https://www.erome.com/a/Jq1EKaL1,Re-Upload: Normal_prgram_pinay_masturbate - Porn - EroMe,,image/png,200,192,192,4204,page_context_fetch_credentials,2026-05-23T00:35:05.885553+00:00
C:\Users\ASUS\Documents\Personal Projects\Image Harvester\V11\site_image_harvest\images\0f431036195172a5_280x60.png,0f431036195172a5df15bcb969d90fa50d2054a57f27b128ec303c7351dd60b8,https://www.erome.com/img/logo-erome-horizontal-2x.png?v=4,https://www.erome.com/img/logo-erome-horizontal-2x.png?v=4,https://www.erome.com/a/Jq1EKaL1,Re-Upload: Normal_prgram_pinay_masturbate - Porn - EroMe,,image/png,200,280,60,6427,page_context_fetch_credentials,2026-05-23T00:35:07.517188+00:00
