input_path,output_path,mode_requested,mode_used,status,returncode,message,started_utc,finished_utc
C:\Users\ASUS\Documents\Personal Projects\Image Harvester\V11\site_image_harvest\videos\1a3a52d0db87464d_1293628bytes.ts,C:\Users\ASUS\Documents\Personal Projects\Image Harvester\V11\site_image_harvest\videos_mp4\1a3a52d0db87464d_1293628bytes.mp4,auto,,skipped,0,Output already exists. Use --overwrite to replace.,2026-05-23T00:35:12.996195+00:00,2026-05-23T00:35:12.997195+00:00
C:\Users\ASUS\Documents\Personal Projects\Image Harvester\V11\site_image_harvest\videos\1b68b390a7d5fc3e_1396088bytes.ts,C:\Users\ASUS\Documents\Personal Projects\Image Harvester\V11\site_image_harvest\videos_mp4\1b68b390a7d5fc3e_1396088bytes.mp4,auto,,skipped,0,Output already exists. Use --overwrite to replace.,2026-05-23T00:35:12.997195+00:00,2026-05-23T00:35:12.998197+00:00
C:\Users\ASUS\Documents\Personal Projects\Image Harvester\V11\site_image_harvest\videos\1fdb5a2e543214f6_1130256bytes.ts,C:\Users\ASUS\Documents\Personal Projects\Image Harvester\V11\site_image_harvest\videos_mp4\1fdb5a2e543214f6_1130256bytes.mp4,auto,,skipped,0,Output already exists. Use --overwrite to replace.,2026-05-23T00:35:12.998197+00:00,2026-05-23T00:35:12.999194+00:00
C:\Users\ASUS\Documents\Personal Projects\Image Harvester\V11\site_image_harvest\videos\320c1388e2273af7_1347960bytes.ts,C:\Users\ASUS\Documents\Personal Projects\Image Harvester\V11\site_image_harvest\videos_mp4\320c1388e2273af7_1347960bytes.mp4,auto,,skipped,0,Output already exists. Use --overwrite to replace.,2026-05-23T00:35:12.999194+00:00,2026-05-23T00:35:13.000195+00:00
C:\Users\ASUS\Documents\Personal Projects\Image Harvester\V11\site_image_harvest\videos\39a6536820d04ba7_2083228bytes.ts,C:\Users\ASUS\Documents\Personal Projects\Image Harvester\V11\site_image_harvest\videos_mp4\39a6536820d04ba7_2083228bytes.mp4,auto,,skipped,0,Output already exists. Use --overwrite to replace.,2026-05-23T00:35:13.001194+00:00,2026-05-23T00:35:13.001194+00:00
C:\Users\ASUS\Documents\Personal Projects\Image Harvester\V11\site_image_harvest\videos\420f77869ea3a3c3_1125556bytes.ts,C:\Users\ASUS\Documents\Personal Projects\Image Harvester\V11\site_image_harvest\videos_mp4\420f77869ea3a3c3_1125556bytes.mp4,auto,,skipped,0,Output already exists. Use --overwrite to replace.,2026-05-23T00:35:13.002194+00:00,2026-05-23T00:35:13.002194+00:00
C:\Users\ASUS\Documents\Personal Projects\Image Harvester\V11\site_image_harvest\videos\4ec523a4012e3239_1855372bytes.ts,C:\Users\ASUS\Documents\Personal Projects\Image Harvester\V11\site_image_harvest\videos_mp4\4ec523a4012e3239_1855372bytes.mp4,auto,,skipped,0,Output already exists. Use --overwrite to replace.,2026-05-23T00:35:13.003196+00:00,2026-05-23T00:35:13.003196+00:00
C:\Users\ASUS\Documents\Personal Projects\Image Harvester\V11\site_image_harvest\videos\62295e52bf51c4be_1391764bytes.ts,C:\Users\ASUS\Documents\Personal Projects\Image Harvester\V11\site_image_harvest\videos_mp4\62295e52bf51c4be_1391764bytes.mp4,auto,,skipped,0,Output already exists. Use --overwrite to replace.,2026-05-23T00:35:13.004195+00:00,2026-05-23T00:35:13.004195+00:00
C:\Users\ASUS\Documents\Personal Projects\Image Harvester\V11\site_image_harvest\videos\66c4ce6499677776_1955012bytes.ts,C:\Users\ASUS\Documents\Personal Projects\Image Harvester\V11\site_image_harvest\videos_mp4\66c4ce6499677776_1955012bytes.mp4,auto,,skipped,0,Output already exists. Use --overwrite to replace.,2026-05-23T00:35:13.005194+00:00,2026-05-23T00:35:13.006194+00:00
C:\Users\ASUS\Documents\Personal Projects\Image Harvester\V11\site_image_harvest\videos\6745784dbef1ea9e_1339688bytes.ts,C:\Users\ASUS\Documents\Personal Projects\Image Harvester\V11\site_image_harvest\videos_mp4\6745784dbef1ea9e_1339688bytes.mp4,auto,,skipped,0,Output already exists. Use --overwrite to replace.,2026-05-23T00:35:13.007195+00:00,2026-05-23T00:35:13.007195+00:00
C:\Users\ASUS\Documents\Personal Projects\Image Harvester\V11\site_image_harvest\videos\75bd5799a8f4a45f_339bytes.m3u8,C:\Users\ASUS\Documents\Personal Projects\Image Harvester\V11\site_image_harvest\videos_mp4\75bd5799a8f4a45f_339bytes.mp4,auto,reencode,failed,4294967294,"[in#0 @ 000002441f326180] Error opening input: No such file or directory
Error opening input file C:\Users\ASUS\Documents\Personal Projects\Image Harvester\V11\site_image_harvest\videos\75bd5799a8f4a45f_339bytes.m3u8.
Error opening input files: No such file or directory",2026-05-23T00:35:13.008197+00:00,2026-05-23T00:35:13.257385+00:00
C:\Users\ASUS\Documents\Personal Projects\Image Harvester\V11\site_image_harvest\videos\8bf6f9c9a537acb0_1544420bytes.ts,C:\Users\ASUS\Documents\Personal Projects\Image Harvester\V11\site_image_harvest\videos_mp4\8bf6f9c9a537acb0_1544420bytes.mp4,auto,,skipped,0,Output already exists. Use --overwrite to replace.,2026-05-23T00:35:13.258389+00:00,2026-05-23T00:35:13.258389+00:00
C:\Users\ASUS\Documents\Personal Projects\Image Harvester\V11\site_image_harvest\videos\8c2e9003f263436f_1541976bytes.ts,C:\Users\ASUS\Documents\Personal Projects\Image Harvester\V11\site_image_harvest\videos_mp4\8c2e9003f263436f_1541976bytes.mp4,auto,,skipped,0,Output already exists. Use --overwrite to replace.,2026-05-23T00:35:13.259385+00:00,2026-05-23T00:35:13.259385+00:00
C:\Users\ASUS\Documents\Personal Projects\Image Harvester\V11\site_image_harvest\videos\91aa496cc7e8c32d_1140bytes.m3u8,C:\Users\ASUS\Documents\Personal Projects\Image Harvester\V11\site_image_harvest\videos_mp4\91aa496cc7e8c32d_1140bytes.mp4,auto,reencode,failed,3199971767,"[in#0 @ 0000019512440500] Error when loading first segment 'C:\Users\ASUS\Documents\Personal Projects\Image Harvester\V11\site_image_harvest\videos\seg_540x720_000.ts'
[in#0 @ 0000019512464ac0] Error opening input: Invalid data found when processing input
Error opening input file C:\Users\ASUS\Documents\Personal Projects\Image Harvester\V11\site_image_harvest\videos\91aa496cc7e8c32d_1140bytes.m3u8.
Error opening input files: Invalid data found when processing input",2026-05-23T00:35:13.260394+00:00,2026-05-23T00:35:13.431226+00:00
C:\Users\ASUS\Documents\Personal Projects\Image Harvester\V11\site_image_harvest\videos\92577d039ad4cc14_1136272bytes.ts,C:\Users\ASUS\Documents\Personal Projects\Image Harvester\V11\site_image_harvest\videos_mp4\92577d039ad4cc14_1136272bytes.mp4,auto,,skipped,0,Output already exists. Use --overwrite to replace.,2026-05-23T00:35:13.432226+00:00,2026-05-23T00:35:13.432226+00:00
C:\Users\ASUS\Documents\Personal Projects\Image Harvester\V11\site_image_harvest\videos\a81edb51af8cbe2e_2086988bytes.ts,C:\Users\ASUS\Documents\Personal Projects\Image Harvester\V11\site_image_harvest\videos_mp4\a81edb51af8cbe2e_2086988bytes.mp4,auto,,skipped,0,Output already exists. Use --overwrite to replace.,2026-05-23T00:35:13.433232+00:00,2026-05-23T00:35:13.433232+00:00
C:\Users\ASUS\Documents\Personal Projects\Image Harvester\V11\site_image_harvest\videos\aa9c19c7bf082aa6_2147900bytes.ts,C:\Users\ASUS\Documents\Personal Projects\Image Harvester\V11\site_image_harvest\videos_mp4\aa9c19c7bf082aa6_2147900bytes.mp4,auto,,skipped,0,Output already exists. Use --overwrite to replace.,2026-05-23T00:35:13.434223+00:00,2026-05-23T00:35:13.434223+00:00
C:\Users\ASUS\Documents\Personal Projects\Image Harvester\V11\site_image_harvest\videos\b2bdc8ff0683a199_1767764bytes.ts,C:\Users\ASUS\Documents\Personal Projects\Image Harvester\V11\site_image_harvest\videos_mp4\b2bdc8ff0683a199_1767764bytes.mp4,auto,,skipped,0,Output already exists. Use --overwrite to replace.,2026-05-23T00:35:13.434223+00:00,2026-05-23T00:35:13.435229+00:00
C:\Users\ASUS\Documents\Personal Projects\Image Harvester\V11\site_image_harvest\videos\b457ef2dc8a39db9_795052bytes.ts,C:\Users\ASUS\Documents\Personal Projects\Image Harvester\V11\site_image_harvest\videos_mp4\b457ef2dc8a39db9_795052bytes.mp4,auto,,skipped,0,Output already exists. Use --overwrite to replace.,2026-05-23T00:35:13.436223+00:00,2026-05-23T00:35:13.437236+00:00
C:\Users\ASUS\Documents\Personal Projects\Image Harvester\V11\site_image_harvest\videos\c1aa02c40d782b5d_678492bytes.ts,C:\Users\ASUS\Documents\Personal Projects\Image Harvester\V11\site_image_harvest\videos_mp4\c1aa02c40d782b5d_678492bytes.mp4,auto,,skipped,0,Output already exists. Use --overwrite to replace.,2026-05-23T00:35:13.438227+00:00,2026-05-23T00:35:13.438227+00:00
C:\Users\ASUS\Documents\Personal Projects\Image Harvester\V11\site_image_harvest\videos\cebb25679ac52281_2090748bytes.ts,C:\Users\ASUS\Documents\Personal Projects\Image Harvester\V11\site_image_harvest\videos_mp4\cebb25679ac52281_2090748bytes.mp4,auto,,skipped,0,Output already exists. Use --overwrite to replace.,2026-05-23T00:35:13.439226+00:00,2026-05-23T00:35:13.440222+00:00
C:\Users\ASUS\Documents\Personal Projects\Image Harvester\V11\site_image_harvest\videos\cffb07fcdad0a261_788660bytes.ts,C:\Users\ASUS\Documents\Personal Projects\Image Harvester\V11\site_image_harvest\videos_mp4\cffb07fcdad0a261_788660bytes.mp4,auto,,skipped,0,Output already exists. Use --overwrite to replace.,2026-05-23T00:35:13.440222+00:00,2026-05-23T00:35:13.440222+00:00
C:\Users\ASUS\Documents\Personal Projects\Image Harvester\V11\site_image_harvest\videos\d053cf0f1c55d977_826448bytes.ts,C:\Users\ASUS\Documents\Personal Projects\Image Harvester\V11\site_image_harvest\videos_mp4\d053cf0f1c55d977_826448bytes.mp4,auto,,skipped,0,Output already exists. Use --overwrite to replace.,2026-05-23T00:35:13.441221+00:00,2026-05-23T00:35:13.441221+00:00
C:\Users\ASUS\Documents\Personal Projects\Image Harvester\V11\site_image_harvest\videos\d30ed6cf1c3b8e4c_2206932bytes.ts,C:\Users\ASUS\Documents\Personal Projects\Image Harvester\V11\site_image_harvest\videos_mp4\d30ed6cf1c3b8e4c_2206932bytes.mp4,auto,,skipped,0,Output already exists. Use --overwrite to replace.,2026-05-23T00:35:13.442223+00:00,2026-05-23T00:35:13.442223+00:00
C:\Users\ASUS\Documents\Personal Projects\Image Harvester\V11\site_image_harvest\videos\d35b4b603afda7f2_588064bytes.ts,C:\Users\ASUS\Documents\Personal Projects\Image Harvester\V11\site_image_harvest\videos_mp4\d35b4b603afda7f2_588064bytes.mp4,auto,,skipped,0,Output already exists. Use --overwrite to replace.,2026-05-23T00:35:13.443224+00:00,2026-05-23T00:35:13.443224+00:00
C:\Users\ASUS\Documents\Personal Projects\Image Harvester\V11\site_image_harvest\videos\da8a53b3a9d4df06_1376160bytes.ts,C:\Users\ASUS\Documents\Personal Projects\Image Harvester\V11\site_image_harvest\videos_mp4\da8a53b3a9d4df06_1376160bytes.mp4,auto,,skipped,0,Output already exists. Use --overwrite to replace.,2026-05-23T00:35:13.444222+00:00,2026-05-23T00:35:13.445225+00:00
C:\Users\ASUS\Documents\Personal Projects\Image Harvester\V11\site_image_harvest\videos\e55a3587f78d2f30_2326124bytes.ts,C:\Users\ASUS\Documents\Personal Projects\Image Harvester\V11\site_image_harvest\videos_mp4\e55a3587f78d2f30_2326124bytes.mp4,auto,,skipped,0,Output already exists. Use --overwrite to replace.,2026-05-23T00:35:13.445225+00:00,2026-05-23T00:35:13.445225+00:00
C:\Users\ASUS\Documents\Personal Projects\Image Harvester\V11\site_image_harvest\videos\f159b6c96c1a5d1a_339bytes.m3u8,C:\Users\ASUS\Documents\Personal Projects\Image Harvester\V11\site_image_harvest\videos_mp4\f159b6c96c1a5d1a_339bytes.mp4,auto,reencode,failed,4294967294,"[in#0 @ 0000013a9e0550c0] Error opening input: No such file or directory
Error opening input file C:\Users\ASUS\Documents\Personal Projects\Image Harvester\V11\site_image_harvest\videos\f159b6c96c1a5d1a_339bytes.m3u8.
Error opening input files: No such file or directory",2026-05-23T00:35:13.446222+00:00,2026-05-23T00:35:13.622323+00:00
C:\Users\ASUS\Documents\Personal Projects\Image Harvester\V11\site_image_harvest\videos\f921b89f55439fb0_1226512bytes.ts,C:\Users\ASUS\Documents\Personal Projects\Image Harvester\V11\site_image_harvest\videos_mp4\f921b89f55439fb0_1226512bytes.mp4,auto,,skipped,0,Output already exists. Use --overwrite to replace.,2026-05-23T00:35:13.623322+00:00,2026-05-23T00:35:13.623322+00:00
